,class,sepal_length_mean,Volume_mean
0,Iris-setosa,5.006,38.76237340470947
1,Iris-versicolor,5.936,160.5600356287936
2,Iris-virginica,6.587999999999998,258.80760722723386
